[
  {
    "en": "Hello",
    "ar": "مرحبا",
    "translit": "marhaba",
    "context": "greeting"
  },
  {
    "en": "How are you?",
    "ar": "كيف حالك؟",
    "translit": "kayf ḥālak?",
    "context": "greeting"
  },
  {
    "en": "I'm fine, thank you",
    "ar": "أنا بخير، شكراً",
    "translit": "ana bikhayr, shukran",
    "context": "greeting"
  },
  {
    "en": "Good morning",
    "ar": "صباح الخير",
    "translit": "ṣabāḥ al-khayr",
    "context": "greeting"
  },
  {
    "en": "Good evening",
    "ar": "مساء الخير",
    "translit": "masā’ al-khayr",
    "context": "greeting"
  },
  {
    "en": "Thank you",
    "ar": "شكراً",
    "translit": "shukran",
    "context": "polite"
  },
  {
    "en": "You're welcome",
    "ar": "عفواً",
    "translit": "ʿafwan",
    "context": "polite"
  },
  {
    "en": "Please",
    "ar": "من فضلك",
    "translit": "min faḍlik",
    "context": "polite"
  },
  {
    "en": "Excuse me",
    "ar": "لو سمحت",
    "translit": "law samaḥt",
    "context": "polite"
  },
  {
    "en": "Yes",
    "ar": "نعم",
    "translit": "naʿam",
    "context": "basic"
  },
  {
    "en": "No",
    "ar": "لا",
    "translit": "la",
    "context": "basic"
  },
  {
    "en": "Where are you from?",
    "ar": "من أين أنت؟",
    "translit": "min ayna anta/anti?",
    "context": "small talk"
  },
  {
    "en": "I am from India",
    "ar": "أنا من الهند",
    "translit": "ana min al-hind",
    "context": "small talk"
  },
  {
    "en": "Do you speak English?",
    "ar": "هل تتحدث الإنجليزية؟",
    "translit": "hal tataḥaddath al-ʾinglīziyya?",
    "context": "travel"
  },
  {
    "en": "I don't understand",
    "ar": "لا أفهم",
    "translit": "la afham",
    "context": "travel"
  },
  {
    "en": "How much is this?",
    "ar": "بكم هذا؟",
    "translit": "bikam hādhā?",
    "context": "shopping"
  },
  {
    "en": "Too expensive",
    "ar": "غالي جداً",
    "translit": "ghālī jiddan",
    "context": "shopping"
  },
  {
    "en": "Can you give discount?",
    "ar": "ممكن خصم؟",
    "translit": "mumkin khaṣm?",
    "context": "shopping"
  },
  {
    "en": "Where is the restroom?",
    "ar": "أين دورة المياه؟",
    "translit": "ayna dawrat al-miyāh?",
    "context": "travel"
  },
  {
    "en": "Help!",
    "ar": "النجدة!",
    "translit": "al-najda!",
    "context": "emergency"
  },
  {
    "en": "What's up?",
    "ar": "وش الأخبار؟",
    "translit": "wesh al-akhbār?",
    "context": "saudi"
  },
  {
    "en": "Okay / alright",
    "ar": "تمام",
    "translit": "tamām",
    "context": "saudi"
  },
  {
    "en": "No worries",
    "ar": "لا تشيل هم",
    "translit": "la tshīl hamm",
    "context": "saudi"
  },
  {
    "en": "Brother (friendly)",
    "ar": "يا أخوي",
    "translit": "ya akhūy",
    "context": "saudi"
  },
  {
    "en": "Sister (friendly)",
    "ar": "يا أختي",
    "translit": "ya ukhtī",
    "context": "saudi"
  }
]